<?xml version="1.0" encoding="UTF-8"?>
<!DOCTYPE mapper PUBLIC "-//mybatis.org//DTD Mapper 3.0//EN" "http://mybatis.org/dtd/mybatis-3-mapper.dtd">
<!-- JAVA와 연결할 Mapper 파일 설정 -->
<mapper namespace="poly.persistance.mapper.BoardMapper">

<insert id="insertBoardInfo" parameterType="BoardDTO">
INSERT INTO BOARD (
	TITLE, CONTENT, REG_DT, BOARD_SEQ, USER_NICK
)VALUES(
	#{title}, #{content}, SYSDATE, (SELECT NVL(MAX(A.BOARD_SEQ),0)+1 FROM BOARD A WHERE A.TITLE = TITLE), #{user_Nick}
)

</insert>

<select id="getProjectReview" parameterType="int" resultType="BoardDTO">
	 <![CDATA[
	
	SELECT
		TITLE AS title,	
		USER_NICK AS user_Nick,
		REG_DT AS regDate,
		BOARD_SEQ AS seq
	FROM
		(
			SELECT
			A.*,
			ROWNUM AS RNUM
			FROM(
				SELECT * FROM BOARD ORDER BY BOARD_SEQ DESC
				)A
			WHERE ROWNUM <=#{endNum}
		)
		WHERE
		RNUM >= #{startNum}
		]]>
				
</select>

<select id ="getBoardCnt" resultType="String">
	SELECT
		COUNT(BOARD_SEQ)
	FROM
		BOARD
</select>

<select id="getBoardDetail" parameterType="String" resultType="BoardDTO">
	SELECT
		TITLE AS title,
		CONTENT AS content,
		REG_DT AS regDate,
		BOARD_SEQ AS seq,
		USER_NICK AS user_Nick
	FROM
		BOARD
	WHERE
		BOARD_SEQ = #{seq}
</select>

<update id="updateBoard" parameterType="BoardDTO">
	UPDATE
		BOARD
	SET
		TITLE = #{title},
		CONTENT = #{content},
		REG_DT = SYSDATE
	WHERE
		BOARD_SEQ = #{seq}
</update>

<delete id="boardDelete" parameterType="BoardDTO">
	DELETE FROM
		BOARD
	WHERE
		BOARD_SEQ = #{seq}
		
	
</delete>

<select id="getMyReview" parameterType="UserDTO" resultType="BoardDTO">
	
	SELECT
		TITLE AS title,	
		USER_NICK AS user_Nick,
		REG_DT AS regDate,
		BOARD_SEQ AS seq
	FROM
		BOARD
	WHERE
			USER_NICK = #{user_Nick}
	ORDER BY BOARD_SEQ DESC
	
</select>
<select id="getProjectReview2" resultType="BoardDTO">
	 
	
	SELECT
		TITLE AS title,	
		USER_NICK AS user_Nick,
		REG_DT AS regDate,
		BOARD_SEQ AS seq
	FROM
		BOARD
		
				
</select>

			
</mapper>