<?xml version="1.0" encoding="UTF-8"?>
<!DOCTYPE mapper PUBLIC "-//mybatis.org//DTD Mapper 3.0//EN" "http://mybatis.org/dtd/mybatis-3-mapper.dtd">
<!-- JAVA와 연결할 Mapper 파일 설정 -->
<mapper namespace="poly.persistance.mapper.UserMapper">

<insert id ="InsertUserInfo" parameterType="UserDTO">
	INSERT INTO USER_INFO(USER_SEQ,USER_ID,USER_NAME,USER_NICK,USER_PW,REG_DT) VALUES (USER_SEQ.NEXTVAL,#{user_Id},#{user_Name},#{user_Nick},#{user_Pw},SYSDATE)
</insert>

<select id ="getUserExists" parameterType="UserDTO" resultType="UserDTO">
SELECT DECODE(COUNT(1),0,'N','Y') AS EXISTS_YN
	FROM USER_INFO
	WHERE USER_ID = #{user_Id}
</select>

<select id="getUserLoginCheck" parameterType="UserDTO" resultType="UserDTO">
	SELECT USER_ID
		FROM USER_INFO
	WHERE USER_ID = #{user_Id}
	AND USER_PW = #{user_Pw}
	
</select>
<select id="getUserInfo" parameterType="UserDTO" resultType="UserDTO">
	SELECT USER_ID AS user_Id, USER_NICK AS user_Nick, USER_SEQ AS user_Seq, USER_PW AS user_Pw
		FROM USER_INFO
	WHERE USER_ID = #{user_Id}
	AND USER_PW = #{user_Pw}
	
</select>

<select id = "getUserInfo2" parameterType="UserDTO" resultType="UserDTO">
	SELECT USER_NICK AS user_Nick, USER_NAME AS user_Name, USER_SEQ AS user_Seq
		FROM USER_INFO
	WHERE USER_ID = #{user_Id}		
</select>
<select id = "getUserPwChange" parameterType="UserDTO" resultType="UserDTO">
	SELECT USER_ID AS user_Id, USER_NICK AS user_Nick
		FROM USER_INFO
	WHERE USER_ID = #{user_Id}
	AND USER_NICK = #{user_Nick}
</select>
<update id="UpdatePw" parameterType="UserDTO">
	UPDATE USER_INFO
	SET
		USER_PW = #{user_Pw}
	WHERE
		USER_Nick = #{user_Nick} 
			
</update>

<select id = "getUserInfo3" resultType="UserDTO">
SELECT
		USER_ID AS user_Id,	
		USER_NICK AS user_Nick,
		USER_SEQ AS user_Seq,
		REG_DT AS reg_dt
	FROM
		USER_INFO
	ORDER BY user_Seq
</select>

<delete id="getUserDelete" parameterType="UserDTO">
	DELETE FROM
		USER_INFO
	WHERE
		USER_SEQ = #{user_Seq}
		
</delete>
<select id="idcheck" parameterType="String" resultType="String">
	SELECT COUNT(*)
	FROM 
	USER_INFO
	WHERE
	USER_ID = #{user_Id}
</select>
<select id="NickCheck" parameterType="String" resultType="String">
	SELECT COUNT(*)
	FROM
	USER_INFO
	WHERE
	USER_NICK = #{user_Nick}
</select>

<select id = "getUserIdFInd" parameterType="UserDTO" resultType="UserDTO">
	SELECT USER_NAME AS user_Name, USER_NICK AS user_Nick, USER_Id AS user_Id
		FROM USER_INFO
	WHERE USER_NAME = #{user_Name}
	AND USER_NICK = #{user_Nick}
</select>
<select id = "getUserId" parameterType="UserDTO" resultType="String">
	SELECT USER_Id AS user_Id
		FROM USER_INFO
	WHERE USER_NAME = #{user_Name}
	AND USER_NICK = #{user_Nick}
</select>
			
</mapper>